town,total_population,median_household_income,per_capita_income,median_age,median_home_value,pct_owner_occupied,pct_in_labor_force,pct_unemployed,pct_white,pct_poverty,pct_bachelors_plus,margin,winner
Abbot,584,58542,43463.0,48.6,171200,74.33628318584071,54.367201426024955,2.622950819672131,84.58904109589042,16.43835616438356,13.182674199623351,37.31343283582089,1
Acton,2721,78750,40494.0,52.9,334300,96.06003752345215,51.35022850020773,4.53074433656958,85.11576626240353,7.817710263060393,24.23146473779385,17.936694021101992,1
Addison,1045,50524,32680.0,54.2,163500,85.00986193293886,51.165371809101,3.036876355748373,88.70813397129187,22.115384615384613,19.567979669631512,31.989247311827953,1
Albion,2204,62361,33546.0,52.9,230900,78.99686520376176,50.45500505561172,2.80561122244489,97.005444646098,18.385036496350367,23.40909090909091,34.879999999999995,1
Alexander,553,93750,41198.0,52.8,193800,95.27896995708154,66.07929515418502,1.0,86.4376130198915,6.642066420664207,24.235294117647058,50.75075075075075,1
Alfred,3125,82321,41432.0,44.9,342300,82.05761316872427,60.85964244960061,2.0,95.552,9.029421711193777,25.666666666666664,2.4850894632206746,1
Allagash,224,32500,31974.0,63.5,95600,76.05633802816901,42.18009478672986,10.112359550561797,89.28571428571429,25.44642857142857,19.024390243902438,21.05263157894737,1
Alna,818,93125,39879.0,40.7,367400,89.72602739726028,60.204081632653065,0.2824858757062147,88.50855745721272,2.078239608801956,41.308411214953274,-25.581395348837205,0
Alton,819,62955,38154.0,49.1,179500,83.52272727272727,46.264367816091955,0.6211180124223602,94.74969474969474,24.3142144638404,16.16,28.517110266159698,1
Amherst,424,72656,39813.0,50.9,210200,96.8586387434555,56.03448275862068,1.5384615384615385,93.39622641509435,6.132075471698113,31.343283582089555,29.702970297029708,1
Amity,395,65000,28529.0,44.5,155000,91.17647058823529,32.35294117647059,4.040404040404041,93.67088607594937,15.18987341772152,13.937282229965156,60.50955414012739,1
Andover,679,49922,31899.0,51.8,168300,97.65886287625418,54.106280193236714,7.738095238095238,97.05449189985272,16.05301914580265,24.382207578253706,17.93893129770992,1
Anson,2331,52474,45312.0,46.7,117800,79.28363988383349,51.93340494092374,3.722854188210962,93.56499356499357,8.752166377816291,11.69139465875371,40.202966432474625,1
Appleton,1360,53618,37019.0,49.2,235600,82.55639097744361,59.46173254835997,1.8387553041018387,93.82352941176471,9.660766961651918,34.08876298394712,-6.236080178173722,0
Arrowsic,597,99107,77424.0,50.3,584200,95.25691699604744,55.64516129032258,3.6231884057971016,82.91457286432161,16.08040201005025,64.74654377880185,-49.29577464788733,0
Arundel,4418,101597,41630.0,40.9,421300,82.21124150710315,75.6635931824532,3.0280649926144756,94.11498415572657,5.852994555353902,29.393272555800067,2.6148409893992977,1
Ashland,1080,46838,29741.0,53.4,125000,66.07460035523978,50.98241985522234,1.6227180527383367,93.42592592592592,23.605947955390334,13.844393592677346,31.914893617021278,1
Athens,791,50750,27595.0,47.7,153100,94.5859872611465,44.6676970633694,4.1522491349480966,92.92035398230088,23.27698309492848,17.71019677996422,32.08955223880597,1
Auburn,24602,66647,36895.0,41.4,282000,59.137080390829055,64.12538119282107,6.946285179699073,89.70002438826111,13.796469190290273,27.849602656861585,-6.7767230705736665,0
Augusta,19077,47979,35261.0,42.5,201000,53.84534010367079,56.80992356847513,5.657256285840317,88.68270692456886,18.220362015546012,28.86365239472385,-10.098119378577273,0
Avon,359,63125,29628.0,47.1,141700,78.70967741935485,62.989323843416365,7.344632768361582,93.31476323119777,10.174418604651162,15.384615384615385,46.153846153846146,1
Baileyville,1339,60000,33921.0,47.5,112100,83.70253164556962,55.442804428044276,10.8153078202995,90.96340552651232,15.833333333333332,14.717741935483872,35.84905660377359,1
Baldwin,1170,68045,39645.0,50.6,263200,88.9943074003795,60.91515729265967,5.477308294209703,84.78632478632478,6.418039895923677,23.7006237006237,34.22562141491397,1
Bangor,31938,59942,38557.0,41.0,219600,47.184692407928125,60.795247467016544,4.040525148372399,88.33677750641868,17.865554134984187,35.082037996545765,-20.072053525476072,0
Bar Harbor,5244,77180,58427.0,49.2,538400,74.50584913271481,63.031462585034014,4.350758853288364,89.03508771929825,10.101626016260163,68.31366764995084,-51.839080459770116,0
Bath,8815,69390,44655.0,45.4,310900,64.29065743944636,63.65419827360711,5.8146702280665705,93.35224049914918,12.366394667279623,42.46037735849056,-37.67001774098167,0
Beals,498,64063,48216.0,48.0,256700,83.85650224215246,69.6470588235294,3.040540540540541,81.72690763052208,10.843373493975903,37.59398496240601,34.04255319148936,1
Beaver Cove,394,98185,62530.0,67.0,523300,86.25592417061611,29.6875,0.0,100.0,17.512690355329948,46.09375,-2.608695652173914,0
Beddington,38,146500,62332.0,64.8,237500,100.0,39.473684210526315,0.0,97.36842105263158,0.0,15.789473684210526,26.470588235294116,1
Belfast,6986,67679,48291.0,60.6,340900,68.52941176470588,42.93020953638014,0.6149116064565718,90.02290294875466,16.049382716049383,42.90463692038495,-39.99511360860004,0
Belgrade,3351,88338,44318.0,47.3,312200,93.75453885257808,57.175485344499435,7.723035952063914,89.58519844822442,3.0875299760191846,49.11504424778761,9.025594970812755,1
Belmont,876,61250,37465.0,54.5,217500,86.8421052631579,51.08695652173913,6.914893617021277,92.92237442922374,4.272517321016166,21.11888111888112,12.106135986733008,1
Benton,2770,61437,31526.0,42.8,176700,84.22907488986783,59.35314685314685,1.6936671575846833,96.53429602888086,9.96376811594203,21.185567010309278,32.8998699609883,1
Berwick,8175,94771,46266.0,40.7,369100,87.43688743688743,70.05208333333334,2.449158101902471,93.94495412844037,4.157468727005151,35.032279986408426,6.535087719298247,1
Bethel,2617,58929,55434.0,50.2,344900,82.92483660130719,63.259911894273124,5.222841225626741,89.49178448605272,13.922097956035481,41.25539051269765,-11.95467422096317,0
Biddeford,22498,72333,39562.0,35.0,396600,48.12038244241634,68.55300490069641,3.107833546542253,91.98150946750823,15.476818334372153,32.1219004353587,-27.688581935599608,0
Bingham,660,42708,26723.0,56.0,103000,85.9375,45.75971731448763,7.722007722007722,95.9090909090909,16.09375,22.58064516129032,39.784946236559136,1
Blue Hill,2813,80377,56338.0,48.6,399500,79.66360856269114,63.20956039265898,5.401755570560432,93.70778528261643,4.70756062767475,38.206278026905835,-37.1056584877316,0
Boothbay,3102,60320,52567.0,56.8,342100,78.36566725455614,54.62508759635599,0.8338678640153944,97.1953578336557,6.786296900489397,51.892313694888806,-15.338553661906957,0
Boothbay Harbor,2096,62800,42701.0,63.8,400600,75.51020408163265,37.84501061571125,1.8232819074333801,93.22519083969466,16.143497757847534,42.40837696335078,-23.678493845039817,0
Bowdoin,3188,91239,42181.0,44.3,292800,84.66211085801064,69.23963133640552,0.9428729894620078,95.98494353826851,10.95360824742268,30.354957160342718,19.24488725747247,1
Bowdoinham,3142,108479,44986.0,51.9,405500,93.77431906614785,69.2191053828658,12.979189485213583,92.17059197963081,13.46276257161044,43.7648927720413,-10.163609320773432,0
Bowerbank,211,93125,43660.0,58.3,199500,94.44444444444444,53.80710659898477,0.9433962264150944,97.6303317535545,3.7914691943127963,33.75,30.158730158730158,1
Bradford,1254,82955,34973.0,49.7,176200,86.76470588235294,55.64892623716153,2.684563758389262,98.72408293460924,9.011164274322168,18.9727463312369,47.85100286532952,1
Bradley,1645,76667,38116.0,42.6,201800,84.62732919254658,65.88679245283019,1.3745704467353952,88.6322188449848,4.5592705167173255,22.73462783171521,17.987152034261243,1
Bremen,917,100000,56375.0,52.1,425300,93.58974358974359,53.14960629921261,2.7160493827160495,94.65648854961832,9.378407851690294,54.166666666666664,-35.0253807106599,0
Brewer,9652,66613,40180.0,40.1,245300,59.67058823529412,57.39870443287184,1.4383713210887363,93.01699129714049,12.496018685635418,34.96523754345307,1.2584704743465736,1
Bridgewater,484,65417,34881.0,48.8,154900,84.68085106382979,52.55474452554745,6.944444444444445,92.14876033057851,12.033195020746888,18.820224719101123,48.14814814814815,1
Bridgton,5642,77500,42651.0,45.9,316600,82.77310924369748,45.77124868835257,5.135259055479138,94.18645870258774,12.825144508670519,34.903689951264795,-1.3675213675213627,0
Bristol,2917,100750,66154.0,61.0,406400,88.61671469740634,44.92979719188768,7.725694444444445,87.829962290024,6.4172958133150315,52.740560292326435,-24.331926863572434,0
Brooklin,869,68750,37920.0,49.2,339400,84.375,61.30790190735694,1.1111111111111112,95.2819332566168,7.720144752714113,41.78628389154705,-42.21508828250401,0
Brooks,1208,59130,36136.0,45.9,196700,74.61538461538461,61.33200795228628,4.376012965964344,87.99668874172185,19.05550952775476,27.54880694143167,11.784511784511793,1
Brooksville,853,56316,42120.0,61.4,390900,85.20179372197309,47.549668874172184,4.735376044568245,98.24150058616648,8.089097303634233,52.58019525801952,-33.0289193302892,0
Brownfield,1830,60889,31628.0,39.9,287500,87.70614692653673,59.240687679083095,8.34340991535671,90.21857923497268,8.087431693989071,25.263157894736842,4.228121927236963,1
Brownville,983,64063,34539.0,46.5,96700,77.70700636942675,51.09223300970874,11.63895486935867,95.82909460834182,18.311291963377414,13.400576368876079,36.975857687420586,1
Brunswick,22336,74952,44065.0,40.0,376300,71.21059127117694,61.18355590468709,4.53650603440897,89.4788681948424,7.697325505544683,53.94971292813304,-46.657173371306506,0
Buckfield,2403,77917,36991.0,37.7,227700,94.91525423728814,64.46011937059143,3.9562289562289563,93.92426133999167,5.784436121514773,26.511335012594454,29.190515126737523,1
Bucksport,5016,64720,35387.0,42.7,252300,74.34154630416313,60.630110630110636,11.265370884569617,98.58452950558214,6.713286713286713,27.285166940339355,3.484320557491287,1
Burlington,328,48750,24779.0,52.5,99700,93.19727891156462,34.78260869565217,10.227272727272728,98.17073170731707,19.32515337423313,10.526315789473683,51.63934426229508,1
Burnham,953,59261,29436.0,48.4,178100,87.8345498783455,50.756693830034926,6.192660550458716,97.4816369359916,13.641133263378805,20.792079207920793,37.30886850152905,1
Buxton,8512,100144,46067.0,45.5,356800,80.26814339842612,70.57632608989067,1.415184547714668,86.31343984962406,2.3157399788409543,30.344058617394076,6.439100077579525,1
Byron,174,90417,46935.0,58.9,122700,97.75280898876404,46.55172413793103,4.938271604938271,71.83908045977012,14.942528735632186,11.728395061728394,29.411764705882348,1
Calais,3097,64096,35734.0,43.8,111100,73.38028169014085,55.94614809274495,5.815508021390374,94.70455279302551,21.387085753331057,25.31645569620253,18.057455540355676,1
Cambridge,532,63194,34554.0,38.7,214900,93.07359307359307,57.27069351230425,4.296875,94.3609022556391,14.097744360902256,22.131147540983605,51.612903225806456,1
Camden,5242,82344,47664.0,52.2,520600,73.4842360549717,51.01442741208295,8.26336721166593,95.05913773368944,8.950254602428515,62.09898035314598,-59.258218600730544,0
Canaan,2063,57781,29477.0,44.2,159900,85.68257491675915,61.95845697329377,3.5440613026819925,91.90499272903538,12.91913214990138,24.056603773584907,32.77591973244147,1
Canton,1191,52458,27336.0,41.4,165000,81.41592920353983,50.05055611729019,5.656565656565657,98.0688497061293,8.365758754863812,23.738532110091743,38.989169675090245,1
Cape Elizabeth,9606,145821,77799.0,47.4,731600,88.04930332261523,65.21035598705501,2.522746071133168,92.85863002290236,5.184718723761545,74.08223201174742,-58.25852782764812,0
Caratunk,101,73235,39909.0,67.8,470000,88.33333333333333,43.56435643564357,0.0,94.05940594059405,0.0,61.855670103092784,24.59016393442623,1
Caribou,7382,53709,36009.0,51.3,134100,72.2755505364201,51.93092621664051,3.4461910519951635,91.83148198320238,15.501604576531324,28.792951541850222,20.133710465415277,1
Carmel,2941,82188,39752.0,46.4,256800,87.93103448275862,65.22954091816368,1.8971848225214198,93.84563073784426,13.600816048962939,17.172167707404103,36.05292171995589,1
Carrabassett Valley,637,88750,81605.0,59.8,343600,94.47513812154696,49.75124378109453,1.6666666666666667,98.43014128728414,3.9538714991762767,77.96296296296296,-37.94392523364487,0
Carthage,845,79107,34857.0,42.8,144300,88.09523809523809,63.76021798365122,1.282051282051282,93.37278106508876,3.5502958579881656,13.375796178343949,43.7308868501529,1
Casco,3696,69313,45727.0,52.0,355500,89.95790739627179,65.64954682779455,1.5186378278877128,82.33225108225109,10.98060639169626,32.91721419185282,6.660785178650201,1
Castine,1362,113750,39304.0,21.2,603500,80.39772727272727,52.05047318611987,2.727272727272727,86.04992657856094,14.140127388535031,74.45742904841403,-48.20415879017014,0
Castle Hill,281,54250,34612.0,57.8,145300,94.32624113475178,51.85185185185185,0.0,98.57651245551602,4.270462633451958,26.72811059907834,14.285714285714285,1
Caswell,243,43173,21442.0,33.7,85000,63.06306306306306,59.56284153005464,8.256880733944955,92.18106995884774,31.68724279835391,8.860759493670885,33.87096774193549,1
Chapman,388,93125,46491.0,45.7,185700,94.47852760736197,68.96551724137932,1.0,98.96907216494846,6.443298969072164,22.82608695652174,35.84905660377359,1
Charleston,1117,75250,33566.0,45.4,226500,92.09932279909707,66.06765327695561,1.6,93.55416293643688,6.364513018322084,12.07897793263647,53.410553410553405,1
Charlotte,377,67813,34829.0,48.6,140800,98.17073170731707,55.70469798657718,6.626506024096386,94.16445623342176,22.811671087533156,28.776978417266186,31.555555555555564,1
Chebeague Island,555,67639,54167.0,60.4,651400,70.56603773584905,47.60914760914761,1.3100436681222707,91.17117117117117,12.5,57.48792270531401,-65.47231270358307,0
Chelsea,2823,85471,35100.0,42.2,182300,88.61867704280155,57.39592559787422,2.7777777777777777,95.14700673042861,8.694043655197929,20.388833499501498,26.19502868068833,1
Cherryfield,809,37115,31639.0,58.1,195800,66.82692307692307,43.013698630136986,6.369426751592357,87.88627935723115,26.328800988875155,21.364985163204746,30.354391371340533,1
Chester,598,64500,27711.0,44.0,172500,77.06422018348624,53.473684210526315,2.3622047244094486,97.32441471571906,9.03010033444816,15.419501133786847,63.10679611650485,1
Chesterville,1397,61635,28193.0,37.8,214000,86.36363636363636,64.28571428571429,2.857142857142857,96.4924838940587,12.025769506084465,20.37444933920705,26.366950182260027,1
China,4526,96309,45079.0,40.9,240000,91.76781002638522,64.40217391304348,2.067510548523207,94.38798055678303,5.991598496573071,31.932282545242263,17.16855690262026,1
Clifton,1111,70313,33139.0,52.7,202500,87.47203579418344,56.48936170212766,0.18832391713747645,94.23942394239424,9.18091809180918,26.057906458797326,23.917137476459516,1
Clinton,3385,71458,38369.0,50.7,187000,95.05021520803444,64.74380726162198,2.7253668763102725,98.58197932053176,2.570162481536189,17.913920124079098,31.88073394495413,1
Columbia,529,56667,28236.0,41.9,158700,81.81818181818183,56.19047619047619,0.0,85.25519848771268,13.42155009451796,21.1864406779661,42.61603375527426,1
Columbia Falls,475,43750,32896.0,54.1,219300,80.08130081300813,49.37027707808564,13.77551020408163,94.73684210526315,12.421052631578949,17.135549872122763,41.31736526946108,1
Cooper,157,48750,33954.0,46.5,212500,95.0,61.832061068702295,8.641975308641975,98.08917197452229,20.382165605095544,22.22222222222222,30.434782608695656,1
Corinna,2192,56547,28916.0,42.6,163200,86.59217877094973,53.867557039510295,6.095041322314049,96.8521897810219,17.746350364963504,15.389408099688474,45.544554455445535,1
Corinth,2990,64229,32345.0,42.7,135800,82.16350123864574,61.46983857264231,1.8659295093296473,93.31103678929766,11.437246963562753,20.157189089227927,52.60482846251588,1
Cornish,1803,69038,35649.0,39.0,274200,82.0754716981132,70.14725568942436,3.816793893129771,80.64337215751524,6.2673322240709926,20.964360587002094,8.385744234800832,1
Cornville,1419,79926,41509.0,50.1,167400,88.96952104499275,69.9601593625498,3.416856492027335,97.25158562367865,12.208892025405788,29.55575702629193,30.806845965770172,1
Cranberry Isles,196,65000,46113.0,48.0,439100,80.95238095238095,70.37037037037037,0.0,98.46938775510205,4.591836734693878,51.67785234899329,-43.08943089430895,0
Crawford,97,31875,29447.0,66.2,121400,91.22807017543859,27.058823529411764,21.73913043478261,78.35051546391753,27.835051546391753,18.072289156626507,29.729729729729733,1
Crystal,247,48125,35015.0,63.2,129200,92.80000000000001,40.09661835748793,12.048192771084338,80.16194331983806,14.69387755102041,22.926829268292686,54.2483660130719,1
Cumberland,8647,173894,89176.0,41.9,616800,90.86522997748472,69.84365604329525,0.23676280671545416,93.11900080952931,3.139481000926784,72.49348958333334,-43.36043360433604,0
Cushing,1460,83500,59310.0,48.8,409800,84.6938775510204,60.89743589743589,3.421052631578948,92.73972602739727,7.739726027397261,38.40230991337825,11.968348170128586,1
Cutler,492,72946,36598.0,41.8,155900,98.22222222222223,54.40414507772021,0.0,96.13821138211382,10.975609756097562,36.57142857142857,42.01183431952663,1
Damariscotta,2192,59423,42644.0,49.3,363500,70.04048582995951,50.47248471372985,8.259911894273127,98.63138686131386,11.86359269932757,41.9392523364486,-36.32043448744059,0
Danforth,666,48125,26253.0,53.1,89900,81.57894736842105,47.700170357751276,13.928571428571429,97.5975975975976,13.86748844375963,9.025270758122744,51.32530120481928,1
Dayton,2313,113750,45813.0,42.1,398200,89.74668275030156,69.63078523140925,0.14936519790888725,91.91526156506701,3.682842287694974,27.581863979848865,12.97071129707112,1
Deblois,148,52083,24965.0,56.2,133300,100.0,47.88732394366197,0.0,100.0,8.783783783783784,21.6,85.71428571428572,1
Dedham,1656,111442,64648.0,46.5,356400,95.48989113530327,64.33933933933935,3.5005834305717616,89.4927536231884,8.997584541062801,49.545078577336646,2.4765157984628487,1
Deer Isle,2470,62284,40307.0,52.6,308300,85.83650190114068,53.903693314633,2.8620988725065044,94.8582995951417,19.148038802193167,35.85657370517929,-17.42133537989256,0
Denmark,1054,64167,41033.0,54.4,250000,92.6829268292683,53.559693318729465,2.658486707566462,91.36622390891841,8.918406072106261,29.82456140350877,-0.36900369003689093,0
Dennysville,218,39250,37927.0,57.5,218800,81.41592920353983,42.2680412371134,8.536585365853659,93.11926605504587,30.275229357798167,36.702127659574465,28.348909657320867,1
Detroit,650,51111,26065.0,45.4,137500,82.31292517006803,43.63636363636363,0.8333333333333334,86.92307692307692,23.076923076923077,12.525667351129362,34.15637860082305,1
Dexter,3822,51845,35453.0,51.0,170600,66.33277685030606,53.48421679571174,2.060133630289532,93.72056514913658,23.083045900769434,16.856492027334852,29.429735234215883,1
Dixfield,2300,70613,32298.0,49.9,160900,85.54603854389723,56.54885654885655,3.952205882352941,97.04347826086956,14.018284719198956,25.56053811659193,34.155744024672316,1
Dixmont,1207,75952,42993.0,50.9,190700,89.70037453183521,63.907603464870064,3.1626506024096384,95.11184755592377,7.8707539353769675,24.708377518557796,28.108108108108105,1
Dover-Foxcroft,4506,63344,40195.0,38.0,162600,67.0,56.157229246838924,2.692119432207538,92.14380825565912,15.120113047574188,28.17816269718528,23.070434415858294,1
Dresden,1645,74844,39719.0,55.1,240100,88.24306472919419,62.347012239020884,1.1547344110854503,94.65045592705167,9.332509270704573,30.519480519480517,7.256046705587991,1
Durham,4262,99181,46553.0,42.6,322200,95.44091181763648,70.84282460136674,6.511254019292605,94.41576724542469,4.1529798216799625,34.76340694006309,-1.0416666666666643,0
Dyer Brook,275,73409,31301.0,38.7,135000,93.10344827586206,61.79245283018868,0.0,90.9090909090909,6.909090909090909,34.463276836158194,55.102040816326536,1
Eagle Lake,570,60208,33175.0,60.8,221200,80.57851239669421,35.0597609561753,0.0,98.42105263157895,11.394891944990176,26.93877551020408,19.91525423728813,1
East Machias,1223,57589,32497.0,42.8,210800,83.68121442125236,60.06160164271047,6.666666666666667,93.62224039247752,15.909090909090908,33.85167464114833,34.131736526946106,1
East Millinocket,1495,42011,28511.0,45.9,86200,79.33634992458522,42.10526315789473,6.343283582089552,98.66220735785953,21.672240802675585,20.90497737556561,23.77777777777778,1
Eastbrook,742,69018,33413.0,52.4,300700,86.62613981762918,59.09090909090909,6.10079575596817,97.03504043126685,21.159029649595688,15.0,29.08366533864541,1
Easton,1433,53309,31010.0,52.6,163800,85.8195211786372,51.24037639007699,5.676126878130217,96.92951849267271,15.073272854152128,18.926553672316384,36.49425287356322,1
Eastport,1263,45573,34957.0,61.4,179800,64.93506493506493,43.18181818181818,2.736842105263158,91.92399049881234,15.235008103727715,36.213592233009706,-18.757763975155278,0
Eddington,2223,75350,43862.0,54.9,268000,80.62563067608475,52.34173957797221,2.6548672566371683,93.74718848403059,6.678700361010831,30.781938325991188,28.76712328767124,1
Edgecomb,1251,108750,48713.0,41.0,348400,90.72356215213358,68.5981308411215,3.1335149863760217,96.56274980015988,5.595523581135091,39.78142076502732,-22.041763341067295,0
Edinburg,172,69583,34206.0,57.5,220800,96.0,49.6551724137931,2.7777777777777777,98.83720930232558,1.744186046511628,31.428571428571427,40.81632653061225,1
Eliot,7146,101522,57293.0,50.8,498900,79.76973684210526,69.1257718557036,3.6436295251527975,87.69941225860622,4.7998880492583265,43.62295376866343,-19.815262810644384,0
Ellsworth,8657,77375,35887.0,43.0,242300,66.71133744304475,58.89248181083266,2.8140013726835966,91.99491740787802,9.263459472364808,39.33454876937101,0.12453300124532518,1
Embden,995,56875,36139.0,60.6,173400,96.33867276887872,42.9228998849252,3.485254691689008,91.05527638190955,12.209889001009081,16.23222748815166,34.157650695517766,1
Enfield,1462,62667,32178.0,49.8,178100,95.88414634146342,52.11382113821138,0.0,94.32284541723666,6.839945280437757,24.031690140845072,42.66365688487585,1
Etna,1252,72379,31163.0,41.9,183000,94.9290060851927,58.248847926267274,5.69620253164557,95.7667731629393,15.495207667731629,13.877118644067796,43.09623430962343,1
Eustis,453,32118,26152.0,59.1,262200,61.83745583038869,39.722863741339495,2.3255813953488373,98.01324503311258,22.958057395143488,13.008130081300814,23.10756972111554,1
Exeter,1093,84408,37551.0,52.6,166700,93.0648769574944,69.11045943304008,2.4045261669024045,98.35315645013723,8.142726440988106,14.960629921259844,42.18181818181819,1
Fairfield,6519,64101,33271.0,43.1,164300,78.57889237199582,62.915833484820936,2.7737648078590005,94.78447614664826,10.867522705919198,15.382983237852748,15.564779128372372,1
Falmouth,12755,150919,87611.0,47.0,767500,84.44578071757867,59.479517118543434,2.72833139244718,85.55860446883575,2.2964675863168806,72.64643770145605,-42.2349570200573,0
Farmingdale,3017,71635,43816.0,45.8,249700,65.60111188325226,65.96447748864107,4.884157795867251,92.47596950613192,13.773458445040216,47.24556489262371,-7.30088495575221,0
Farmington,8157,54276,36499.0,38.2,166600,55.05425471159337,61.46863568622138,5.157593123209169,89.99632217727105,15.418627870489232,38.06640983305816,-13.683662851196658,0
Fayette,1383,59500,38455.0,58.8,257600,88.70967741935483,42.68707482993197,3.386454183266932,95.01084598698482,7.881417208966016,39.30211202938476,6.775700934579447,1
Fort Fairfield,3309,70852,45492.0,49.7,161000,78.23800131492439,59.42126514131898,9.060022650056625,92.38440616500453,10.275007555152614,34.99810821036701,18.757612667478682,1
Fort Kent,4150,56270,49505.0,45.9,160700,78.89908256880734,60.76369673491976,1.9581056466302367,88.21686746987952,11.151641479937467,35.19872813990461,16.489607390300236,1
Frankfort,1098,80000,32319.0,50.2,211300,91.1522633744856,59.97899159663865,1.5761821366024518,93.16939890710383,16.37372802960222,30.972388955582232,31.78519593613933,1
Franklin,1628,65455,34808.0,46.0,245800,76.79558011049724,69.31486880466473,7.886435331230284,90.66339066339066,15.724815724815725,28.493364558938328,12.696747114375654,1
Freedom,670,64861,32478.0,40.1,190600,90.22556390977444,63.3147113594041,4.411764705882353,93.88059701492537,11.492537313432836,23.173277661795407,9.409190371991244,1
Freeport,8802,107326,60370.0,48.8,508400,77.63612217795485,61.58293186510667,4.760840411265088,91.58145875937286,8.546712802768166,59.635222006278966,-43.18783068783068,0
Frenchville,971,55461,29636.0,54.4,137300,84.79809976247031,53.439803439803434,0.0,99.69104016477857,18.624338624338623,16.260162601626014,28.42809364548495,1
Friendship,1213,75625,53097.0,55.5,275000,91.13924050632912,50.09596928982726,0.7662835249042145,91.59109645507007,9.975267930750206,39.58762886597938,26.63438256658595,1
Frye Island,34,61719,61697.0,70.8,635400,88.23529411764706,76.47058823529412,0.0,52.94117647058824,5.88235294117647,52.94117647058824,-14.285714285714285,0
Fryeburg,3489,56076,35823.0,53.3,268600,82.47491638795987,66.00311041990669,2.827521206409048,94.0384064201777,10.695344725987036,24.620510921880783,-11.888111888111887,0
Gardiner,6088,71782,38973.0,42.0,221600,68.2051282051282,64.34916956353804,7.472989195678272,88.97831800262811,10.45446978525054,29.797404962440243,-15.471447543160693,0
Garland,823,51094,30678.0,53.5,205400,87.53462603878116,49.05933429811867,5.604719764011799,92.70959902794654,19.26829268292683,16.79506933744222,44.08945686900958,1
Georgetown,1012,84250,47897.0,55.8,427200,83.3675564681725,63.941769316909294,3.502626970227671,87.35177865612648,6.324110671936759,40.40660736975858,-32.13859020310633,0
Gilead,187,42344,34934.0,58.9,235000,56.481481481481474,47.5609756097561,3.8461538461538463,93.04812834224599,10.81081081081081,18.75,4.918032786885249,1
Glenburn,4737,97474,45909.0,47.7,276900,81.70854271356785,69.84600099354198,1.6002844950213373,98.05784251636057,7.1337849280270955,20.803123257110986,20.52556818181818,1
Gorham,18300,112312,51367.0,39.4,460900,81.46473779385171,70.0215720641769,2.5608934244728987,86.46994535519126,3.7135118868492327,44.3159922928709,-20.591928251121082,0
Gouldsboro,1615,60873,37358.0,60.2,276800,82.7250608272506,48.727015558698724,0.0,98.20433436532508,7.18266253869969,30.38842345773039,10.758377425044095,1
Grand Isle,407,35417,32407.0,60.3,85000,71.30044843049326,40.10989010989011,13.013698630136986,99.5085995085995,20.884520884520885,13.450292397660817,19.111111111111107,1
Gray,8429,95236,50161.0,43.4,363700,82.3851203501094,68.97768991810224,3.336745138178096,87.1396369676118,3.549586281328696,44.75743348982786,-0.7159904534606198,0
Great Pond,42,22292,31850.0,68.5,197900,92.5925925925926,33.33333333333333,15.384615384615385,100.0,14.285714285714285,38.46153846153847,23.80952380952381,1
Greenbush,1378,60321,29342.0,42.3,131000,88.1508078994614,67.40425531914893,9.595959595959595,93.75907111756169,10.205580029368576,16.878048780487806,43.95604395604395,1
Greene,4417,98093,44842.0,39.7,270000,87.78935185185185,70.7227555053642,0.07984031936127745,91.48743491057279,13.86745347253745,22.211749921457745,30.71646341463415,1
Greenville,1355,63486,43772.0,60.3,268500,82.01133144475921,53.645007923930265,0.29542097488921715,95.12915129151291,13.723978411719354,26.416666666666664,17.687074829931973,1
Greenwood,781,76146,44542.0,45.5,228700,68.87608069164266,67.05370101596516,0.0,82.4583866837388,8.678756476683938,19.393939393939394,-1.8549747048903882,0
Guilford,1096,53173,30457.0,53.5,170100,78.35951134380453,56.451612903225815,3.428571428571429,96.07664233576642,14.872262773722628,10.468920392584515,29.883570504527817,1
Hallowell,2592,68398,46949.0,50.3,295300,58.33979829325058,63.539350822587814,0.27991602519244224,98.72685185185185,7.807443365695793,52.52822778595975,-49.492671927846686,0
Hamlin,111,50938,88529.0,61.8,200000,75.47169811320755,28.846153846153843,6.666666666666667,98.1981981981982,17.117117117117118,16.161616161616163,24.074074074074076,1
Hampden,7896,111959,51784.0,41.0,301300,85.69034852546918,71.11292962356792,2.4395857307249713,87.72796352583586,7.475209763539283,45.94886568239107,-1.3054830287206158,0
Hancock,2518,72285,46264.0,56.3,276800,81.08108108108108,58.194130925507906,4.344453064391001,91.54090548054012,8.180367118914605,34.94275759084122,7.72357723577236,1
Hanover,276,55417,90475.0,53.3,334500,91.78082191780823,50.0,3.4482758620689653,82.2463768115942,18.84057971014493,44.70046082949309,-15.025906735751299,0
Harmony,974,54063,28123.0,52.9,202700,67.77777777777779,56.166056166056165,4.130434782608695,93.94250513347022,15.811088295687886,21.108179419525065,38.61386138613861,1
Harpswell,5046,96250,70110.0,62.0,609700,83.29484218629715,57.84230606189064,1.2092341517039207,95.20412207689259,5.561092286226828,52.90562529056253,-23.444473615122078,0
Harrington,917,64861,33186.0,49.2,144600,83.13253012048193,55.159235668789805,5.542725173210162,96.40130861504908,13.687782805429865,27.28531855955679,42.48608534322819,1
Harrison,2513,56938,41367.0,56.0,249300,90.11583011583012,57.95847750865052,7.985074626865672,94.03103859928372,19.10067648229208,30.87557603686636,5.754088431253784,1
Hartford,1314,87115,35275.0,42.2,189200,97.6303317535545,62.64478764478765,2.157164869029276,74.42922374429224,7.395993836671804,17.94871794871795,23.480662983425418,1
Hartland,1602,46141,33592.0,53.2,139200,82.69986893840104,52.51141552511416,3.91304347826087,98.18976279650437,16.034031413612563,21.843853820598007,38.702928870292894,1
Hebron,1105,92550,38041.0,43.8,242300,97.05215419501134,65.79804560260585,3.3003300330033,94.20814479638008,8.900999091734786,22.630331753554504,21.64948453608247,1
Hermon,6727,96629,45628.0,41.1,333600,75.23139577934099,58.67413632119515,0.4455760661998727,95.37683960160547,6.828459451311426,37.598116169544745,24.87660414610069,1
Hersey,47,31250,28106.0,60.5,162500,65.21739130434783,40.0,5.555555555555555,95.74468085106383,21.27659574468085,20.930232558139537,45.0,1
Hiram,1748,62813,41929.0,41.6,256600,83.79629629629629,57.10227272727273,4.353233830845771,87.70022883295195,12.587822014051522,25.02050861361772,19.266055045871553,1
Hodgdon,1428,54519,30486.0,42.2,159300,84.84848484848484,58.23117338003503,1.5037593984962405,94.39775910364145,12.0617110799439,15.361139369277721,59.478672985782,1
Holden,3352,92200,63100.0,45.0,289400,95.03768844221105,70.18315018315018,4.54070981210856,95.28639618138425,3.1541003304295585,44.693168660748746,11.900191938579653,1
Hollis,4872,95950,41243.0,43.8,338900,87.59083286752376,66.9629985583854,1.7581628991747398,95.52545155993431,5.690721649484536,30.72732225551621,11.813096413293849,1
Hope,1748,86766,48167.0,44.6,373400,92.94964028776978,64.37364228819696,1.9122609673790776,94.45080091533181,5.333333333333334,47.385103011093506,-17.615176151761517,0
Houlton,6056,61058,34556.0,45.4,137000,63.75192604006163,57.8112609040444,11.488340192043896,93.32892998678997,18.132445690259285,24.63302752293578,25.95103578154425,1
Howland,1367,49297,22983.0,47.6,150100,77.8705636743215,39.92606284658041,9.953703703703704,95.24506217995611,25.208807896735003,11.97252208047105,27.95216741405082,1
Hudson,1305,67933,36988.0,47.5,157300,92.44935543278085,65.78947368421053,0.5333333333333333,95.86206896551724,6.513409961685824,19.084712755598833,40.697674418604656,1
Industry,988,63056,34893.0,40.6,205600,86.03351955307262,52.24867724867725,7.088607594936709,93.52226720647774,6.882591093117409,34.40702781844802,11.937377690802343,1
Island Falls,768,56328,31054.0,50.7,108300,79.62382445141067,57.484076433121025,5.263157894736842,94.01041666666666,20.70773263433814,12.920353982300886,40.36697247706422,1
Isle Au Haut,69,49500,128106.0,71.4,593800,74.0,56.52173913043478,0.0,100.0,2.898550724637681,56.52173913043478,-45.16129032258064,0
Islesboro,636,88438,61249.0,57.0,288800,91.81818181818183,56.49122807017544,14.285714285714285,95.75471698113208,15.09433962264151,47.7859778597786,-48.54586129753915,0
Jackman,695,33625,30519.0,54.2,172700,89.52618453865337,49.77029096477795,4.923076923076923,88.20143884892087,11.942446043165468,28.35820895522388,51.8939393939394,1
Jackson,567,75167,37933.0,37.7,231500,78.62903225806451,65.55323590814196,1.5923566878980893,98.2363315696649,13.756613756613756,41.878172588832484,14.705882352941174,1
Jay,4657,70238,32921.0,39.5,168600,82.7433628318584,65.10015408320493,2.7613412228796843,98.2177367403908,9.79171140219025,29.69521044992743,12.09462037390309,1
Jefferson,2647,85078,34829.0,38.1,311600,83.79237288135593,68.60000000000001,5.830903790087463,93.50207782395165,3.3891702376314767,27.626233313987232,12.826465467208365,1
Jonesboro,570,63750,32288.0,38.3,151400,80.97014925373134,61.77685950413223,1.0033444816053512,88.24561403508771,14.035087719298245,18.872549019607842,34.857142857142854,1
Jonesport,1166,67500,39305.0,43.7,142000,67.5,54.70347648261759,5.233644859813085,91.1663807890223,13.547237076648841,20.291479820627803,36.89700130378097,1
Kenduskeag,1333,79792,33236.0,43.9,177900,83.4307992202729,62.731277533039645,2.106741573033708,96.92423105776444,15.9039759939985,17.78006166495375,42.74809160305344,1
Kennebunk,11820,107804,59309.0,54.6,487700,80.59284116331096,60.363418530351446,4.383063182269269,93.20642978003384,7.326578332034295,51.18017729360248,-33.43030303030304,0
Kennebunkport,3684,102747,90224.0,59.1,740500,81.42934488359502,52.33671988388969,3.7160288408208544,94.19109663409337,4.565217391304348,52.274124154886294,-29.39882697947214,0
Kingfield,820,47750,40772.0,55.4,194300,88.69179600886919,62.67217630853994,3.9560439560439558,97.80487804878048,15.609756097560975,42.77016742770167,7.692307692307693,1
Kittery,10473,93728,55524.0,46.8,468500,67.1757279576461,63.68955619342018,5.096203848153926,89.71641363506158,6.359347356005504,45.99022004889976,-42.668344870988044,0
Knox,825,64821,34782.0,41.1,159600,80.05698005698005,65.47455295735901,1.050420168067227,98.06060606060606,8.557457212713937,26.046511627906977,43.89721627408994,1
Lagrange,709,58417,27725.0,45.9,126000,72.47386759581882,56.851851851851855,4.88599348534202,92.3836389280677,18.387553041018386,9.037328094302556,44.41260744985673,1
Lakeville,99,65625,59443.0,59.9,313600,100.0,44.79166666666667,0.0,97.97979797979798,6.0606060606060606,36.45833333333333,7.5,1
Lamoine,1782,88542,50890.0,49.6,324800,78.42170160295932,71.30325814536342,8.699472759226714,91.5263748597082,8.922558922558922,34.92171545268891,-4.873949579831944,0
Lebanon,6629,97750,40949.0,39.6,324800,96.79878048780488,72.94460641399418,2.6378896882494005,94.44863478654398,7.383063283399573,14.058577405857742,34.20528859823713,1
Lee,925,49886,25923.0,51.5,174500,97.03264094955489,47.33420026007803,1.6483516483516485,91.8918918918919,19.492502883506344,14.108527131782948,48.975791433892,1
Leeds,2285,85208,34190.0,38.2,257800,93.7984496124031,66.35071090047393,2.5892857142857144,96.71772428884027,19.752540874944764,23.039555863983345,28.317955997161107,1
Levant,3069,86071,38422.0,39.7,268500,81.38801261829653,71.08910891089108,4.401114206128134,93.4180514825676,9.00131406044678,21.551724137931032,42.475305055200465,1
Lewiston,38324,55393,30979.0,37.3,235100,51.15845704702156,61.083964102072756,4.76837812401966,77.91984135267718,20.036516853932586,22.58802192169696,-8.370315581854044,0
Liberty,969,71146,33965.0,40.5,229600,84.10138248847926,59.45611866501854,10.81081081081081,89.2672858617131,14.75748194014448,43.36283185840708,7.213114754098356,1
Limerick,3400,101172,40655.0,40.4,269400,89.83451536643025,65.30319339791892,1.7582417582417582,92.64705882352942,6.911764705882353,27.531645569620256,14.544539506794159,1
Limestone,1579,49938,33941.0,45.3,98400,61.15107913669065,53.83447228549735,6.770098730606488,96.32678910702977,16.367265469061877,20.302760463045413,22.764227642276417,1
Limington,4017,84675,40066.0,50.0,295600,90.98873591989988,60.932944606414,0.43062200956937796,81.52850385860094,3.410505352252925,23.313828149060672,24.634044332915096,1
Lincoln,47,74167,49791.0,63.1,264300,69.23076923076923,44.680851063829785,0.0,100.0,4.25531914893617,10.638297872340425,39.26247288503254,1
Lincoln,4890,56089,31463.0,52.4,141500,72.5854070012653,54.66545289030497,6.119900083263947,96.13496932515338,16.507673164661966,20.21733636593379,39.26247288503254,1
Lincolnville,2396,81928,49423.0,51.3,367000,87.38916256157636,63.658070678127984,7.051762940735183,96.28547579298832,11.81135225375626,47.32620320855615,-30.994152046783626,0
Linneus,1226,65114,35575.0,44.6,144200,89.3569844789357,61.137897782063646,5.047318611987381,93.23001631321371,11.986863711001643,11.888111888111888,69.9248120300752,1
Lisbon,9750,77819,39844.0,38.4,258300,74.81636935991605,67.60742435799644,1.7675817976682964,96.15384615384616,5.325321176958144,23.371536341215727,11.040255081705858,1
Litchfield,3680,84904,39454.0,46.4,243900,96.70836076366031,69.09857328145266,2.2055373064289068,99.23913043478261,4.266304347826087,25.443383356070942,23.281596452328166,1
Littleton,887,74219,31650.0,46.0,159800,82.54847645429363,70.62146892655367,2.6,96.84329199549042,8.860759493670885,18.729641693811075,52.60115606936416,1
Livermore,1868,70441,38195.0,51.4,221800,95.68345323741008,57.21455457967378,1.9736842105263157,98.76873661670236,8.035714285714286,21.908602150537636,19.285714285714278,1
Livermore Falls,3102,45843,31427.0,36.7,147500,66.01689408706952,58.26961770623742,4.62707182320442,98.16247582205028,28.96103896103896,17.796976241900648,23.878437047756876,1
Long Island,249,91250,49851.0,47.5,551100,87.5,66.98564593301435,0.7142857142857143,81.92771084337349,4.417670682730924,50.27027027027027,-40.81632653061225,0
Lovell,1353,80625,55931.0,52.2,295000,88.87015177065767,56.23451692815855,3.0837004405286343,96.7479674796748,10.007412898443292,36.056338028169016,-6.181818181818173,0
Lowell,378,50833,37193.0,55.5,209700,88.54166666666666,45.588235294117645,3.225806451612903,95.76719576719577,10.846560846560847,30.031948881789138,48.48484848484849,1
Lubec,1346,52375,37928.0,59.3,188700,78.08417997097243,45.69757727652464,2.742230347349177,93.7592867756315,14.690529455630127,32.56433007985803,-7.986501687289092,0
Ludlow,444,62500,30716.0,46.1,133900,90.40404040404042,69.91404011461319,4.508196721311475,93.01801801801803,15.315315315315313,16.19047619047619,50.40650406504065,1
Lyman,4612,87284,50093.0,53.8,360400,95.00268672756582,57.8725514505331,3.898886032562125,97.83174327840416,8.954900260190806,25.083056478405314,10.905485789821547,1
Machias,2020,34375,21340.0,40.8,141300,49.68394437420986,48.39816933638444,17.13947990543735,93.01980198019803,25.6047197640118,15.952732644017726,11.73913043478261,1
Machiasport,1016,60000,36596.0,52.8,177100,83.03964757709251,46.38487208008899,1.9184652278177456,94.19291338582677,15.88683351468988,25.542168674698797,24.02826855123675,1
Madawaska,3853,56818,30244.0,52.6,156300,67.7366702937976,47.70060260069775,7.380319148936171,92.13599792369583,12.998405103668262,22.309264305177113,2.769818529130845,1
Madison,4782,61747,34350.0,49.6,187600,54.630454140694575,53.67558447818751,0.673551863493489,93.05729820158929,15.00110302228105,21.43236074270557,25.45909849749583,1
Manchester,2424,92031,41198.0,46.9,299600,85.04577822990844,62.95556665002496,2.53766851704996,95.13201320132013,4.455445544554455,47.45383324006715,5.465465465465471,1
Mapleton,1884,91731,37225.0,41.8,191800,79.923273657289,68.53856562922869,4.54096742349457,94.26751592356688,8.929532006455084,34.28351309707242,36.43410852713178,1
Mariaville,724,66027,33316.0,42.3,215400,81.75895765472313,65.2542372881356,5.714285714285714,87.84530386740332,9.94475138121547,22.807017543859647,19.64285714285714,1
Mars Hill,1398,65273,33105.0,43.4,163600,70.61946902654867,58.69175627240143,10.839694656488549,98.28326180257511,9.563253012048193,26.037344398340252,42.27086183310533,1
Marshfield,499,62500,30204.0,40.9,191900,94.6078431372549,58.288770053475936,1.834862385321101,97.1943887775551,9.054325955734406,26.10062893081761,34.131736526946106,1
Masardis,258,67650,35876.0,35.9,126400,97.0873786407767,72.88135593220339,0.5813953488372093,93.7984496124031,11.24031007751938,22.943722943722943,38.842975206611584,1
Mattawamkeag,698,45000,27530.0,51.4,104200,76.06060606060606,43.73956594323873,12.213740458015266,86.96275071633238,33.2378223495702,6.469500924214418,38.31325301204819,1
Maxfield,76,92500,29311.0,54.5,164600,100.0,44.285714285714285,9.67741935483871,98.68421052631578,8.571428571428571,8.771929824561402,53.42465753424657,1
Mechanic Falls,3134,69914,28222.0,39.8,270900,79.7752808988764,62.023760753789425,2.97225891677675,85.70516911295469,9.16159567275186,15.623572407492006,20.501138952164013,1
Meddybemps,139,48000,31323.0,63.9,295000,87.14285714285714,33.33333333333333,15.909090909090908,92.08633093525181,7.194244604316546,14.166666666666666,32.692307692307686,1
Medford,222,65476,44014.0,50.5,88200,97.72727272727273,68.98148148148148,4.697986577181208,91.8918918918919,11.26126126126126,10.7981220657277,39.325842696629216,1
Medway,996,55982,29169.0,55.3,100400,92.42424242424242,47.85202863961814,5.236907730673317,96.5863453815261,11.402623612512613,4.689480354879595,48.01641586867305,1
Mercer,718,71107,33450.0,43.4,238500,92.05882352941175,53.78006872852234,3.5143769968051117,73.25905292479109,13.649025069637883,34.095238095238095,20.491803278688515,1
Merrill,372,65536,23561.0,33.2,131600,91.2,56.36363636363636,2.4193548387096775,98.9247311827957,5.64516129032258,22.274881516587676,34.848484848484844,1
Mexico,2782,55727,28310.0,43.4,110800,77.00282752120641,50.08410428931875,3.4424853064651555,91.2293314162473,19.73256234188652,12.988966900702106,16.453674121405754,1
Milbridge,1222,60536,30915.0,50.3,240400,85.1145038167939,43.56846473029046,10.238095238095237,88.8707037643208,18.43238587424634,24.722838137472284,18.904823989569742,1
Milford,3095,85111,41444.0,43.3,176400,87.86217697729053,63.03262955854127,4.019488428745433,86.75282714054927,5.3311793214862675,18.894981020666386,8.301682040151931,1
Millinocket,4115,51007,30144.0,54.2,103800,84.11949685534591,40.7733864088712,6.136680613668061,96.74362089914945,17.130884890313038,18.598959926583053,13.760061326178608,1
Milo,2165,56875,30698.0,43.9,97100,67.82363977485929,59.20695274307442,0.6422018348623854,93.0715935334873,16.351039260969976,21.755485893416928,31.360000000000007,1
Minot,2794,95655,54449.0,49.0,294900,95.98214285714286,62.873516168645104,1.5625,87.32999284180386,6.227630637079455,25.94724220623501,23.009335529928606,1
Monmouth,4162,74648,38756.0,46.2,274100,79.82212340188994,64.30840311868322,0.13471037269869782,94.78616049975973,9.298414223930802,33.632425742574256,15.946582875098194,1
Monroe,1001,81300,36700.0,43.5,220300,87.44075829383885,59.2964824120603,5.720338983050848,91.80819180819181,11.288711288711289,29.09604519774011,-7.931034482758619,0
Monson,596,56017,31360.0,47.4,178100,82.92682926829268,55.31496062992126,3.9145907473309607,94.29530201342283,14.93288590604027,17.96008869179601,33.33333333333333,1
Monticello,674,51875,28891.0,52.7,125800,88.15331010452961,48.986486486486484,0.6896551724137931,90.3560830860534,19.43198804185351,9.380530973451327,61.630695443645074,1
Montville,907,65735,36799.0,45.0,221600,82.41206030150754,66.49484536082474,3.2945736434108532,95.25909592061743,10.694597574421168,29.260450160771708,-4.601226993865026,0
Moose River,248,76324,37617.0,32.9,144900,91.34615384615384,76.30057803468208,0.0,97.17741935483872,14.919354838709678,14.556962025316455,56.09756097560975,1
Morrill,914,74250,34268.0,39.8,214000,89.50276243093923,63.73626373626373,3.6637931034482754,92.66958424507659,6.256860592755214,31.211180124223603,17.20779220779221,1
Moscow,865,45526,30370.0,55.4,153800,91.21951219512195,46.74329501915709,2.185792349726776,97.80346820809248,20.69364161849711,4.892086330935252,51.91637630662021,1
Mount Chase,280,41711,36835.0,49.9,115700,90.0,45.909090909090914,6.9306930693069315,97.14285714285714,30.714285714285715,32.093023255813954,32.88590604026845,1
Mount Desert,1671,92813,54686.0,54.9,522100,84.8180677540778,65.16084873374402,1.2605042016806722,94.3147815679234,7.434052757793765,64.36950146627566,-50.405904059040594,0
Mount Vernon,1716,74395,45372.0,47.1,264200,89.79591836734694,60.57347670250897,2.603550295857988,92.48251748251748,4.823529411764706,42.27517294388932,1.7361111111111143,1
Naples,3985,78188,48361.0,49.8,340100,87.53092528451262,71.92307692307692,0.904977375565611,91.39272271016311,9.507042253521126,37.8698224852071,17.84860557768924,1
New Canada,449,68750,27493.0,27.4,210300,94.4055944055944,59.42028985507246,1.2195121951219512,73.05122494432071,9.131403118040089,11.965811965811966,37.64705882352942,1
New Gloucester,5766,108797,43314.0,40.1,357100,82.94202204120748,71.6207276736494,5.018472906403941,95.73361082206036,4.315528829147506,30.680680680680684,5.200108902804246,1
New Limerick,372,53810,37714.0,58.3,196900,80.0,46.34920634920635,6.164383561643835,97.31182795698925,15.591397849462366,18.855218855218855,39.77272727272728,1
New Portland,686,74375,32979.0,41.4,176000,94.1358024691358,63.70235934664247,7.4074074074074066,88.0466472303207,14.473684210526317,27.744510978043913,21.513944223107572,1
New Sharon,1550,63889,34619.0,43.9,171200,90.23178807947019,62.91338582677165,0.0,91.54838709677419,9.612903225806452,29.8819255222525,18.35897435897435,1
New Sweden,494,58333,33197.0,50.5,164700,88.23529411764706,44.827586206896555,4.945054945054945,88.05668016194332,15.991902834008098,29.362880886426595,20.60606060606061,1
New Vineyard,607,61806,29666.0,47.5,190000,90.7488986784141,50.617283950617285,6.097560975609756,92.9159802306425,22.57001647446458,20.047169811320757,27.982646420824288,1
Newburgh,1475,76750,40232.0,45.8,244600,81.18971061093248,63.04170073589533,4.9286640726329445,98.23728813559322,11.700680272108844,29.850746268656714,24.27184466019417,1
Newcastle,1913,89868,49095.0,49.4,398000,80.64516129032258,67.34947237740533,0.0,93.67485624673289,3.4939121228163046,45.12372634643377,-41.017964071856284,0
Newfield,1580,57188,32254.0,52.8,318100,96.74681753889675,51.31860299358517,3.3333333333333335,90.12658227848101,10.506329113924052,21.84542586750789,27.43362831858407,1
Newport,3143,60365,35537.0,50.3,234800,72.3076923076923,54.56191165821869,4.04777704047777,95.70474069360483,12.56761056315622,24.856376867100728,33.951965065502186,1
Newry,177,67000,40825.0,61.1,307700,89.74358974358975,45.806451612903224,4.225352112676056,95.48022598870057,3.389830508474576,37.83783783783784,-11.877394636015318,0
Nobleboro,1906,100417,46938.0,48.4,352600,81.3397129186603,63.56877323420075,4.1910331384015596,95.80272822665268,10.44071353620147,37.05234159779614,-7.969924812030072,0
Norridgewock,3288,61579,56459.0,50.3,151900,82.21024258760107,50.322143099355706,4.8517520215633425,98.78345498783455,20.872749465974977,21.745350500715308,25.608465608465607,1
North Berwick,5129,101875,46143.0,41.6,428500,88.69693978282329,63.877696136525245,3.710575139146568,96.41255605381166,4.4251284077439745,28.996074032529446,8.58760616546084,1
North Haven,480,87500,49984.0,49.6,440200,82.03883495145631,64.17525773195877,1.2048192771084338,88.95833333333333,8.75,55.4089709762533,-44.250871080139376,0
North Yarmouth,4240,129267,64608.0,47.4,496500,86.63653970303422,74.07624633431085,1.9398258115597784,92.64150943396227,4.834905660377359,53.36322869955157,-30.604026845637584,0
Northfield,263,68333,62848.0,62.1,198600,88.88888888888889,47.21030042918455,12.727272727272727,88.212927756654,20.53231939163498,40.35087719298245,33.33333333333333,1
Northport,1621,73523,47357.0,56.6,343400,87.56476683937824,50.88464260438783,4.728789986091794,91.9802590993214,5.933250927070458,52.41276911655531,-25.272727272727266,0
Norway,5228,54342,32290.0,49.5,215800,70.4713493530499,46.568201563857514,4.524253731343284,93.61132364192808,20.94475893031427,21.364541832669325,-0.1336005344021416,0
Oakfield,629,46378,29659.0,57.7,144300,69.90595611285266,47.183098591549296,5.223880597014925,96.97933227344993,9.220985691573928,10.408921933085502,45.32374100719425,1
Oakland,6309,77813,39434.0,40.2,236000,77.59082217973231,61.06088004822182,1.678183613030602,94.94373117768268,8.065030283710552,24.37877770315648,8.321889590771768,1
Ogunquit,1379,114259,100087.0,62.8,875700,94.29429429429429,47.9607250755287,0.0,94.12617839013778,3.1907179115300943,63.48314606741573,-42.85714285714286,0
Old Orchard Beach,9244,60050,44791.0,58.0,366600,68.19873464830665,62.993667242371906,6.726375434107109,87.99221116399826,14.920359735615992,42.81058041870377,-19.510204081632644,0
Old Town,7470,51585,32781.0,37.0,208100,59.27318295739349,64.95754408883083,1.7848164906988435,89.89290495314592,21.333874458874458,36.75843350135711,-13.010967098703887,0
Orland,1915,69348,52352.0,50.6,277100,87.47252747252747,61.38855054811205,1.8849206349206349,95.822454308094,7.112970711297072,31.421287444231993,1.1904761904761898,1
Orono,11902,61528,28271.0,21.8,272600,46.553808948004836,59.74870789520585,5.1155853840417596,87.49789951268694,24.87606457353502,66.79432304573102,-41.411809963454516,0
Orrington,3853,94556,55390.0,49.5,309000,88.4685784014643,65.36312849162012,1.7094017094017095,91.07189203218272,6.644173371398909,44.31934493346981,14.055917273075451,1
Osborn,88,127083,56732.0,56.4,218100,83.6734693877551,60.97560975609756,0.0,90.9090909090909,9.090909090909092,23.376623376623375,52.173913043478265,1
Otis,705,101250,46200.0,54.7,282500,89.45578231292517,66.22073578595318,0.5050505050505051,94.04255319148936,7.801418439716312,34.78260869565217,36.0,1
Otisfield,1951,84271,40098.0,56.8,317200,92.33716475095785,57.18562874251497,2.6178010471204187,97.59097898513582,10.302409021014865,30.990415335463258,9.362054681027338,1
Owls Head,1482,87325,55125.0,52.6,413300,81.61434977578476,55.19630484988453,3.905160390516039,94.1970310391363,5.710306406685237,39.40425531914894,-8.723599632690537,0
Oxford,4333,58571,32032.0,40.5,194200,88.73239436619718,62.5,10.554323725055433,93.42257096699747,12.45291902071563,16.783663050414805,33.41625207296849,1
Palermo,1473,89095,41438.0,43.4,259700,91.17199391171994,65.44876886417792,2.3058252427184467,93.82213170400543,4.761904761904762,31.65137614678899,20.15655577299414,1
Palmyra,2209,60543,24280.0,37.1,154900,82.61390887290167,58.41760856632957,1.5274949083503055,98.59665006790402,9.10338517840805,13.759398496240602,45.01718213058419,1
Paris,5317,75137,33381.0,48.2,240400,60.18181818181818,60.718982902235865,1.48014440433213,94.99717886025955,12.45128604832424,28.75059157595835,16.510903426791273,1
Parkman,896,54231,31836.0,51.7,168900,76.04651162790698,53.42281879194631,0.25125628140703515,82.47767857142857,13.31096196868009,21.542940320232898,37.97752808988764,1
Parsonsfield,1715,72045,32174.0,44.3,272100,86.35097493036211,58.263518659558265,2.8758169934640523,92.8862973760933,12.035398230088495,21.821164889253485,15.789473684210535,1
Passadumkeag,384,55417,26971.0,46.0,98800,85.62874251497006,47.43589743589743,5.405405405405405,96.35416666666666,16.666666666666664,13.60544217687075,53.846153846153854,1
Patten,1154,51484,29492.0,57.8,127600,82.5278810408922,40.82217973231357,7.494145199063232,97.83362218370884,23.22695035460993,25.126646403242148,44.79999999999999,1
Pembroke,801,60132,31865.0,49.6,142800,86.46408839779005,52.01793721973094,9.482758620689655,92.88389513108615,13.48314606741573,32.03389830508475,17.24137931034482,1
Penobscot,1154,63194,39498.0,53.4,296400,84.18079096045197,54.6018614270941,4.166666666666666,94.10745233968805,16.031195840554595,32.39277652370203,-19.950738916256157,0
Perham,326,62500,35168.0,53.0,117600,92.53731343283582,54.347826086956516,4.666666666666667,97.23926380368098,2.4539877300613497,18.67704280155642,47.55555555555554,1
Perry,744,82056,42383.0,45.5,196400,91.80887372013652,61.5,5.149051490514905,79.43548387096774,4.301075268817205,31.558185404339252,18.489065606361834,1
Peru,1501,66827,32503.0,48.0,141300,90.20866773675762,52.95095594347464,1.098901098901099,92.80479680213192,9.206989247311828,21.71226831421006,34.56221198156681,1
Phillips,1094,45385,27198.0,49.7,190800,83.25892857142857,50.11160714285714,7.57238307349666,93.87568555758683,17.657992565055764,20.736196319018404,27.76934749620637,1
Phippsburg,2238,107833,50930.0,54.3,335800,81.80952380952381,55.6835252879319,1.5287769784172662,98.21268990169794,7.547169811320755,37.66438716465018,-5.400372439478595,0
Pittsfield,3930,57381,28251.0,40.0,164100,76.54921020656136,64.5399166399487,3.974167908594138,90.02544529262086,15.535761068902278,26.716141001855288,24.079601990049753,1
Pittston,3093,86614,47848.0,41.4,238700,81.00328947368422,60.88922381311228,0.9282178217821782,87.68186226964112,10.184287099903006,26.697459584295615,24.24916573971079,1
Plymouth,1319,61964,36425.0,39.5,207100,94.11764705882352,64.70019342359767,2.690582959641256,92.19105382865807,6.54490106544901,16.752312435765674,43.75,1
Poland,5954,85557,39454.0,44.2,283600,81.89134808853119,67.6967449526164,2.3432744978697504,96.47295935505542,16.638078902229847,23.789954337899545,13.178294573643413,1
Portage Lake,374,60000,45836.0,66.2,202200,93.75,42.89693593314763,2.5974025974025974,100.0,12.032085561497325,11.594202898550725,25.301204819277118,1
Porter,1746,60417,32892.0,40.9,226100,87.42138364779875,57.42971887550201,3.146853146853147,88.02978235967926,9.761766414875073,14.00437636761488,29.50108459869849,1
Portland,68854,79540,52781.0,37.8,489600,46.85272258455938,71.13901888825292,4.188556013062615,78.02742033868766,11.212386621735968,59.700522078369126,-67.56442139795757,0
Pownal,1696,104333,54703.0,47.2,436800,89.40677966101694,60.64610866372981,0.7263922518159807,93.10141509433963,5.5424528301886795,49.00398406374502,-19.159256265157637,0
Presque Isle,8736,55768,33974.0,44.1,147200,57.83280215739152,60.632616732849506,3.5682023486901535,90.57921245421245,15.472235405790222,26.1771125662613,9.49119373776908,1
Princeton,866,56406,33543.0,39.1,120800,74.26273458445041,57.96875,2.6954177897574128,84.18013856812932,15.295480880648899,24.543946932006634,49.48240165631469,1
Prospect,923,81250,34387.0,45.2,196500,88.82978723404256,57.04419889502762,5.084745762711865,91.11592632719393,7.278835386338185,22.347266881028936,18.91891891891892,1
Randolph,1610,66574,38796.0,49.6,174300,77.51937984496125,54.02379286214136,2.461139896373057,97.26708074534162,15.670232850849592,16.846153846153847,8.341708542713562,1
Rangeley,792,58243,50599.0,64.3,424700,72.63374485596708,67.3202614379085,19.41747572815534,98.48484848484848,1.7676767676767675,33.59683794466403,20.140515222482435,1
Raymond,4610,88194,47143.0,47.3,395800,89.71044467425025,63.899106673673145,2.1792763157894735,91.77874186550976,5.328674383053069,49.26262053318208,-2.73155416012559,0
Readfield,2651,86504,41938.0,48.1,326400,89.87341772151899,65.2907234798047,6.322229775662815,95.88834402112411,5.0283553875236295,48.79795396419438,-1.408450704225345,0
Richmond,3566,65854,34148.0,36.9,242700,69.91869918699187,61.016949152542374,2.604166666666667,97.19573752103197,12.373453318335208,35.839803841438496,8.392603129445234,1
Ripley,436,64821,36420.0,47.7,144300,81.0,63.78378378378379,8.050847457627118,94.4954128440367,11.888111888111888,19.402985074626866,34.40514469453376,1
Robbinston,621,68333,35182.0,48.1,228000,82.67716535433071,55.93525179856115,1.607717041800643,95.49114331723028,15.181518151815181,27.586206896551722,33.89355742296918,1
Rockland,7035,56533,36105.0,49.3,245800,61.96353436185134,65.5404297195342,6.581581581581582,94.05828002842928,10.389800703399764,35.5822550831793,-33.07024467245461,0
Rockport,3675,86979,46162.0,48.7,469000,84.51268357810414,63.753627861980014,6.626201315123925,94.20408163265306,5.335195530726257,51.294305057745916,-39.5519348268839,0
Rome,1215,77639,42410.0,48.3,329300,91.89723320158103,47.908366533864545,4.781704781704782,93.82716049382715,10.344827586206897,39.06976744186046,4.0787623066104075,1
Roque Bluffs,369,89375,44679.0,51.1,290300,96.42857142857143,58.843537414965986,4.046242774566474,66.66666666666666,11.1731843575419,39.097744360902254,-4.347826086956516,0
Roxbury,352,51667,32658.0,59.8,105800,94.51219512195121,40.41916167664671,8.88888888888889,97.72727272727273,13.352272727272727,15.50632911392405,30.73929961089494,1
Rumford,5942,38403,25959.0,50.4,127700,63.06205871423263,48.3013589128697,5.378568473314026,95.22046449007068,22.612018061827026,18.142499430912814,14.761376248612656,1
Sabattus,5116,59387,40211.0,51.2,180000,95.51037695891571,58.07314897413024,1.6897081413210446,90.81313526192338,8.798114689709347,17.116889674324664,28.734858681022878,1
Saco,20819,92241,51652.0,44.9,413100,72.82729495443432,68.0498866213152,2.140953015661446,84.60060521638889,6.3852447112359005,43.54981643245981,-26.809801261074313,0
Sanford,22247,72524,39027.0,42.1,280200,71.2327344480216,65.5127509495388,3.6773231737618026,89.4907178495977,10.292780505546464,24.82544608223429,1.1966126656848246,1
Sangerville,1136,50313,31497.0,53.9,124000,82.42612752721618,54.67196819085487,6.909090909090909,98.23943661971832,13.468309859154928,12.558139534883722,34.84646194926569,1
Scarborough,23215,133558,70379.0,48.8,551900,77.38668271159246,64.80076860841424,2.2083495903238393,91.69502476846866,4.390500394356323,57.65382276521643,-32.12627669452181,0
Searsmont,1646,87000,40479.0,44.5,284000,90.6060606060606,63.57938718662952,3.3953997809419496,95.44349939246659,6.642291285801341,31.591836734693878,4.27350427350428,1
Searsport,2655,64303,38903.0,42.9,224400,69.44922547332186,68.96243291592128,3.1776913099870296,96.7984934086629,14.588859416445624,23.182040019521718,-7.023809523809518,0
Sebago,2073,78438,38786.0,40.7,298000,88.94173602853745,66.4695446481372,6.405693950177936,93.68065605402798,13.689320388349516,23.724320742213386,19.56352299298519,1
Sebec,547,74545,40995.0,49.3,233000,97.63779527559055,59.06040268456376,1.1363636363636365,94.3327239488117,5.301645338208409,31.990521327014214,46.76258992805756,1
Sedgwick,1274,70446,38462.0,52.4,336200,82.94209702660407,50.217580504786774,1.9064124783362217,94.5839874411303,16.90251572327044,44.51988360814743,-26.588235294117652,0
Shapleigh,2976,88140,48135.0,46.9,356000,95.4225352112676,58.5456039441249,2.8771929824561404,96.30376344086021,5.309139784946237,29.71563981042654,21.04121475054231,1
Sherman,947,49444,23054.0,33.4,115200,88.38709677419355,45.11627906976744,9.278350515463918,98.41605068637803,37.48680042238649,13.743218806509946,58.07127882599582,1
Shirley,234,61875,39548.0,42.0,219600,98.96907216494846,60.60606060606061,2.5,93.16239316239316,16.964285714285715,30.64516129032258,40.0,1
Sidney,4790,83488,44614.0,43.0,336200,89.35944944415034,65.52186745371613,5.405405405405405,94.48851774530272,6.426627590537995,33.53500432152118,21.663442940038678,1
Skowhegan,8653,49485,30275.0,42.6,164400,65.90574374079529,55.47393699675095,3.692386045327222,97.07615855772565,14.169515501591418,21.418506341005166,13.750592697961117,1
Smithfield,856,107917,55791.0,55.8,242800,88.86198547215496,58.96103896103896,5.286343612334802,98.24766355140187,5.841121495327103,34.657534246575345,10.389610389610397,1
Smyrna,380,57750,24003.0,31.0,117100,95.38461538461539,55.80524344569289,1.342281879194631,96.05263157894737,15.789473684210526,17.727272727272727,44.1860465116279,1
Solon,963,69205,34307.0,45.9,183600,88.57808857808858,64.55223880597015,9.441233140655106,93.87331256490134,10.68062827225131,25.03311258278146,26.853377265238883,1
Somerville,837,71250,27300.0,33.5,218100,85.76388888888889,52.78195488721804,5.982905982905983,87.57467144563918,16.965352449223417,25.732217573221757,28.735632183908045,1
Sorrento,345,83438,42879.0,33.8,298800,83.80281690140845,62.989323843416365,3.389830508474576,95.07246376811594,5.797101449275362,50.95238095238095,10.20408163265305,1
South Berwick,7670,99572,48927.0,39.0,428300,78.328173374613,72.57383966244726,5.023255813953488,92.39895697522816,3.4343170540611125,41.82574182574182,-20.148115878893492,0
South Bristol,1069,69211,51583.0,46.4,469200,78.18930041152264,56.28803245436106,3.783783783783784,96.53882132834426,7.601713062098502,62.023809523809526,-28.080229226361034,0
South Portland,26930,86838,50723.0,40.9,441200,58.122119815668206,72.01554691837867,2.6036415396477075,79.9443000371333,6.939751717854295,51.74765127790686,-52.91826267610207,0
South Thomaston,1381,86838,47343.0,54.3,341300,92.47135842880525,56.08333333333333,0.0,96.88631426502535,4.233576642335766,44.557195571955724,-18.234165067178495,0
Southport,550,89000,62986.0,66.3,495800,89.40397350993378,52.307692307692314,6.61764705882353,96.0,5.484460694698354,58.77551020408164,-30.567685589519662,0
Southwest Harbor,1553,59205,45995.0,48.9,428500,55.677154582763336,67.28763040238451,3.875968992248062,93.30328396651642,9.256844850065189,35.309734513274336,-32.553956834532364,0
Springfield,310,60833,32434.0,52.4,122500,96.21212121212122,56.69291338582677,6.25,93.54838709677419,5.483870967741936,17.269076305220885,63.934426229508205,1
St. George,2606,89155,67354.0,58.3,356300,86.06194690265487,50.46102263202011,0.0,93.78357636224098,7.674597083653108,46.62288930581614,-20.156337241764376,0
Stacyville,465,54583,29673.0,49.6,101700,88.35978835978835,52.926208651399484,10.576923076923077,94.40860215053763,11.612903225806452,12.299465240641712,61.2565445026178,1
Standish,10662,104593,42492.0,40.5,336000,91.2172984516818,69.18238993710692,2.4294670846394983,90.99606077658976,7.33218239057581,36.01398601398601,7.085085732772562,1
Starks,556,63500,33725.0,46.7,148500,90.0,60.37344398340249,7.216494845360824,97.12230215827337,19.244604316546763,20.99056603773585,23.15521628498727,1
Stetson,1151,76023,34918.0,42.2,205700,87.86516853932585,61.50490730643402,3.723404255319149,95.13466550825369,10.350877192982457,19.789227166276348,41.08723135271808,1
Steuben,1388,76466,38780.0,40.1,173900,89.44636678200692,65.35433070866141,4.149933065595716,87.2478386167147,5.438066465256798,18.921668362156662,25.65157750342935,1
Stockholm,222,60833,37407.0,54.0,144800,86.36363636363636,47.39583333333333,2.197802197802198,94.5945945945946,13.063063063063062,24.861878453038674,18.66666666666667,1
Stockton Springs,1652,74886,40699.0,52.8,259100,82.21092757306226,58.42541436464088,5.200945626477541,93.82566585956417,14.545454545454545,29.093567251461987,-2.094240837696333,0
Stoneham,271,63750,35821.0,60.6,226200,89.83050847457628,42.80155642023346,1.8181818181818181,92.619926199262,7.380073800738007,37.75933609958506,-1.0416666666666643,0
Stonington,840,60223,39625.0,58.2,306700,77.05263157894737,51.900393184796854,15.909090909090908,97.85714285714285,10.833333333333334,28.772919605077576,-22.240000000000002,0
Stow,535,42204,42425.0,57.0,326400,96.21848739495799,63.27433628318584,1.048951048951049,96.07476635514018,8.076923076923077,33.411764705882355,-2.8806584362139915,0
Strong,1249,47557,25741.0,47.5,183900,84.63073852295409,49.42748091603054,0.0,88.63090472377903,13.931144915932748,26.52838427947598,32.68765133171913,1
Sullivan,1246,59643,33875.0,47.1,222000,85.15037593984962,60.78998073217726,6.022187004754358,94.9438202247191,13.643659711075443,25.995807127882596,3.9787798408488086,1
Sumner,845,57750,31408.0,56.1,150000,91.10512129380054,53.51123595505618,2.3622047244094486,93.84615384615384,5.798816568047338,15.396341463414634,25.51020408163265,1
Surry,1836,74508,51971.0,52.4,296300,88.58501783590962,58.10301507537689,4.756756756756757,95.479302832244,7.026143790849673,38.065843621399175,-9.219858156028366,0
Swanville,1195,51935,29595.0,53.2,237300,91.34948096885813,48.31243972999036,1.3972055888223553,97.32217573221757,22.960470984020183,23.458038422649143,12.572087658592856,1
Sweden,537,73750,40038.0,51.1,311300,92.17877094972067,67.99065420560748,10.309278350515463,89.01303538175046,14.711359404096836,34.48275862068966,-13.768115942028984,0
Temple,824,56087,23954.0,34.0,210200,92.74809160305344,38.794435857805254,3.5856573705179287,90.53398058252428,10.161090458488228,13.218390804597702,3.1055900621118013,1
Thomaston,2769,56435,33828.0,58.1,271700,73.94366197183099,53.04770318021201,3.24729392173189,94.79956663055255,6.608884073672806,30.883678990081155,-15.682539682539677,0
Thorndike,1403,78438,21015.0,19.3,205600,87.24035608308606,71.74447174447175,3.4246575342465753,98.71703492516038,6.486101211689238,25.23076923076923,6.194690265486734,1
Topsfield,214,48125,32007.0,63.5,141700,95.08196721311475,42.473118279569896,0.0,96.72897196261682,13.084112149532709,14.444444444444443,66.94214876033058,1
Topsham,9706,91028,51713.0,44.7,360800,78.85814011468462,63.479970508724506,4.336043360433604,93.15887080156604,6.406068907385945,50.020584602717165,-28.21951980043655,0
Tremont,1508,88803,44987.0,45.6,407000,76.27906976744187,68.61489191353083,2.3337222870478413,90.51724137931035,6.648757555406314,44.36363636363637,-14.285714285714285,0
Trenton,1599,60455,45812.0,43.5,357400,77.43589743589745,58.90308039068369,4.591836734693878,88.30519074421514,18.244514106583072,42.273534635879216,-4.294478527607353,0
Troy,984,44583,32535.0,49.3,213000,86.40552995391705,53.74396135265701,3.8202247191011236,93.90243902439023,17.82383419689119,21.675531914893618,22.00357781753131,1
Turner,5891,100036,38303.0,47.6,284900,89.6416083916084,68.29457364341084,4.228149829738933,92.92140553386523,3.0251529571719917,16.437397994870597,26.04195804195804,1
Union,2663,80724,39432.0,41.6,267600,85.94339622641509,64.97093023255815,3.206562266964952,94.6676680435599,10.226415094339622,34.3717549325026,6.215384615384615,1
Unity,1858,62857,23004.0,27.5,206900,72.29965156794425,61.42684401451027,4.822834645669291,91.55005382131324,17.30023273855702,22.076612903225808,9.580193756727667,1
Van Buren,1858,40170,32628.0,56.0,97700,64.16666666666667,39.036755386565275,0.3246753246753247,93.75672766415501,23.04147465437788,10.054347826086957,2.1664766248574665,1
Vassalboro,4592,72300,40939.0,44.5,244300,82.5,62.13646532438478,7.380738073807381,94.12020905923345,12.020291133656816,34.50381679389313,14.811972371450494,1
Veazie,1847,78229,44126.0,46.7,293100,72.08053691275168,63.57234314980794,4.028197381671702,82.89117487818083,7.461873638344227,46.924177396280406,-16.363636363636367,0
Verona Island,481,61607,32933.0,48.9,243600,97.44680851063829,64.03940886699507,1.9230769230769231,91.06029106029106,11.434511434511435,35.26170798898072,11.549295774647888,1
Vienna,536,75481,51608.0,42.8,276400,91.76954732510289,59.1703056768559,2.214022140221402,95.52238805970148,13.246268656716417,34.69879518072289,6.987951807228917,1
Vinalhaven,1216,72963,59679.0,65.1,428400,86.62420382165605,48.369565217391305,2.247191011235955,97.20394736842105,7.345575959933222,45.714285714285715,-16.853932584269657,0
Wade,244,41818,36000.0,53.6,157100,78.33333333333333,54.90196078431373,2.6785714285714284,84.42622950819673,4.166666666666666,33.16831683168317,31.288343558282207,1
Waldo,926,71458,27951.0,37.5,208000,84.57446808510637,70.30223390275953,4.299065420560748,88.22894168466523,10.367170626349893,36.377245508982035,4.01606425702812,1
Waldoboro,5253,69107,42132.0,50.1,274900,78.62122385747483,60.53981708677225,0.7369196757553427,94.07957357700361,9.632590900437846,29.882075471698112,7.827260458839412,1
Wales,1924,77004,30754.0,35.1,250400,91.4027149321267,60.63218390804598,4.739336492890995,97.5051975051975,25.27881040892193,15.647921760391197,42.797927461139906,1
Wallagrass,514,48833,30475.0,55.6,194900,84.64912280701753,44.93087557603687,1.5384615384615385,94.16342412451361,3.501945525291829,22.02970297029703,9.677419354838712,1
Waltham,346,71071,42001.0,56.4,181300,85.18518518518519,55.78231292517006,3.6585365853658534,96.53179190751445,19.653179190751445,22.77580071174377,49.206349206349216,1
Warren,4932,74616,37647.0,42.2,232700,81.27659574468085,56.15487914055506,0.5579912315663611,89.01054339010544,6.017651778550414,21.372499366928334,16.666666666666664,1
Washburn,1355,56196,30087.0,48.2,112900,78.21782178217822,56.54923215898826,7.348242811501597,93.06273062730628,12.735493594574226,26.01626016260163,36.76092544987146,1
Washington,1624,59861,38398.0,48.2,195200,92.54385964912281,60.01400560224089,1.2835472578763127,94.45812807881774,15.308027380211575,17.347725520431766,14.144411473788338,1
Waterboro,8055,89392,38475.0,42.0,297000,90.06189821182944,69.77427334570191,2.8362508309328605,89.86964618249534,5.955955955955956,24.238532110091743,15.841798141344277,1
Waterford,1295,66071,55888.0,54.3,273800,88.18493150684932,54.94313210848644,1.910828025477707,93.43629343629344,16.447876447876446,30.45148895292987,10.852713178294564,1
Waterville,17077,53580,32905.0,35.5,184600,48.76543209876543,56.730573809362504,5.469309768330547,87.93113544533583,20.609030451522575,30.756223579145136,-26.79811163565676,0
Wayne,1101,93194,52374.0,55.6,362800,89.8686679174484,61.98347107438017,1.3333333333333335,92.82470481380564,7.901907356948229,48.83203559510567,-18.91891891891892,0
Weld,459,62083,32476.0,64.0,268600,93.6842105263158,33.42175066312997,3.1746031746031744,95.86056644880175,6.535947712418301,42.061281337047355,-8.904109589041092,0
Wellington,161,44519,29628.0,63.6,133700,97.84946236559139,34.899328859060404,3.8461538461538463,93.16770186335404,17.088607594936708,24.65753424657534,24.47552447552448,1
Wells,11713,88024,48140.0,53.6,485300,90.07302151174265,60.380587998389046,6.203101550775387,88.42311961068899,6.779516115243226,43.309384822631344,-13.018252145533665,0
Wesley,320,63125,27529.0,37.3,68800,91.7910447761194,64.66431095406361,12.021857923497267,93.75,34.6875,22.177419354838708,48.45360824742269,1
West Bath,1863,103333,55783.0,54.2,422800,82.30958230958231,59.5311536088834,3.5233160621761654,94.20289855072464,3.1669350509930223,50.73333333333333,-11.079342387419587,0
West Gardiner,3696,96172,37165.0,43.5,305100,88.68813825608798,74.36948297604036,2.4586689275116576,95.12987012987013,9.036796536796537,32.76003276003276,15.289256198347118,1
West Paris,1808,56324,25785.0,46.0,193000,80.86053412462908,53.17511225144324,4.463208685162847,94.24778761061947,24.088013896931095,23.066104078762308,24.21259842519686,1
Westbrook,20775,85038,44851.0,37.4,383300,61.195009848982274,73.12880642039957,2.2104607721046077,82.28158844765343,7.970234015470479,41.34104199893673,-33.19900211091922,0
Westfield,389,52917,33686.0,47.5,134400,83.33333333333334,45.91549295774648,4.9079754601226995,85.8611825192802,13.881748071979436,18.354430379746837,42.96296296296296,1
Westmanland,108,63750,33001.0,60.5,222900,84.78260869565217,34.61538461538461,5.555555555555555,95.37037037037037,6.60377358490566,19.19191919191919,6.896551724137929,1
Weston,275,58942,32644.0,55.1,171700,93.12977099236642,41.25,9.090909090909092,94.9090909090909,19.622641509433965,23.25581395348837,56.1904761904762,1
Westport Island,835,87564,51188.0,59.3,351700,93.93939393939394,53.855878634639694,2.112676056338028,95.92814371257485,4.4685990338164245,39.85507246376812,-14.025500910746814,0
Whitefield,2157,73875,36204.0,51.9,242300,91.49400218102508,59.140969162995596,1.303538175046555,92.3041261010663,7.139479905437353,32.74647887323944,5.644599303135884,1
Whiting,506,55263,28135.0,50.0,214200,93.64406779661016,47.85714285714286,0.4975124378109453,89.72332015810277,5.33596837944664,34.86005089058524,22.252010723860586,1
Whitneyville,170,55938,21605.0,36.5,118800,85.48387096774194,58.4,8.21917808219178,90.58823529411765,12.352941176470589,18.96551724137931,18.91891891891892,1
Willimantic,200,63472,24329.0,38.5,131700,92.20779220779221,56.20437956204379,22.07792207792208,93.0,32.5,15.079365079365079,54.83870967741936,1
Wilton,3862,63396,34329.0,46.1,202000,79.82510930668333,46.64795759276583,6.7513368983957225,94.8990160538581,14.552045572242362,31.544832553114873,9.650349650349654,1
Windham,19188,107934,52775.0,41.8,388900,84.59493670886076,69.20930822395536,1.4658726523133303,89.34229726912653,3.4404167571087476,44.24960613740667,-3.9836386270674,0
Windsor,2690,63178,34813.0,43.5,228800,89.07563025210085,65.52693208430912,3.4310221586847747,95.31598513011153,7.523277467411546,20.95383054287164,34.9112426035503,1
Winn,287,36333,32020.0,57.1,95600,86.41975308641975,49.42084942084942,9.375,97.5609756097561,21.951219512195124,25.72614107883817,50.47619047619048,1
Winslow,8023,70917,37557.0,47.6,225300,76.11047835990888,54.24604932801655,1.3068336509665124,93.08238813411442,10.807096451774113,29.60837272113437,6.0949063996517125,1
Winter Harbor,493,86250,47694.0,64.6,210500,80.1556420233463,33.5483870967742,1.282051282051282,94.52332657200812,3.8696537678207736,31.914893617021278,9.597523219814235,1
Winterport,3850,98333,54011.0,42.3,283000,91.0377358490566,64.41102756892231,1.7023346303501945,94.36363636363636,5.651491365777081,39.459639759839895,12.054912054912059,1
Winthrop,6191,86470,39714.0,43.6,294800,92.46629659000793,59.21855921855922,3.127147766323024,91.3907284768212,12.888301387970918,40.018087271082976,-4.834471886495017,0
Wiscasset,3874,71118,41713.0,48.8,325200,82.83864004317323,53.64414281498967,2.6402640264026402,92.46257098606092,5.749932194195823,36.52032520325203,-2.96425457715781,0
Woodland,1196,64464,26885.0,46.3,150300,98.27956989247312,56.25635808748728,3.616636528028933,97.07357859531773,13.914501257334452,10.625737898465172,33.04221251819506,1
Woodstock,1233,63015,37088.0,47.4,219600,92.48434237995825,55.92039800995025,3.202846975088968,96.02595296025953,11.544715447154472,25.70194384449244,17.849462365591393,1
Woodville,198,49722,31667.0,50.3,107100,79.16666666666666,60.773480662983424,6.363636363636363,97.97979797979798,5.641025641025641,10.0,71.83098591549296,1
Woolwich,3158,102175,55975.0,55.8,254500,95.52123552123552,54.49059282925097,1.758957654723127,85.6554781507283,13.326972010178118,52.9252227818675,0.13780431786862835,1
Yarmouth,9053,110216,66562.0,43.4,639700,80.40501996577296,66.16582434093704,4.417836498761354,94.65370595382745,10.230466554243957,66.81472081218274,-55.63934426229508,0
York,13986,121250,56536.0,49.5,636400,81.49427376840575,57.70571827057183,2.7341389728096677,93.83669383669384,5.793559516963772,53.09871410615875,-28.939522998296432,0
